<?xml version='1.0' encoding='UTF-8' ?>
<timeLogEntries>
  <time id="1" path="/Proyectos/PSP Fundamentals &amp; Advanced/Student Profile" start="@1486237199270" delta="3" />
  <time id="2" path="/Proyectos/PSP Fundamentals &amp; Advanced/Program 1/Planning" start="@1486237425541" delta="32" />
  <time id="3" path="/Proyectos/PSP Fundamentals &amp; Advanced/Program 1/Design" start="@1486239369301" delta="29" />
  <time id="4" path="/Proyectos/PSP Fundamentals &amp; Advanced/Program 1/Code" start="@1486241102715" delta="4" />
  <time id="5" path="/Proyectos/PSP Fundamentals &amp; Advanced/Program 1/Design" start="@1486241383676" delta="1" />
  <time id="6" path="/Proyectos/PSP Fundamentals &amp; Advanced/Program 1/Code" start="@1486241463706" delta="157" />
  <time id="7" path="/Proyectos/PSP Fundamentals &amp; Advanced/Program 1/Compile" start="@1486250864455" delta="31" />
  <time id="8" path="/Proyectos/PSP Fundamentals &amp; Advanced/Program 1/Test" start="@1486252715686" delta="39" />
  <time id="9" path="/Proyectos/PSP Fundamentals &amp; Advanced/Program 1/Test" start="@1486255101521" delta="4" />
  <time id="10" path="/Proyectos/PSP Fundamentals &amp; Advanced/Program 1/Postmortem" start="@1486255325736" delta="1" />
  <time id="11" path="/Proyectos/PSP1 LOC/Planning" start="@1487452921768" delta="153" />
  <time id="12" path="/Proyectos/PSP1 LOC/Design" start="@1487462123084" delta="23" />
  <time id="13" path="/Proyectos/PSP1 LOC/Code" start="@1487463478966" delta="161" interrupt="14" />
  <time id="14" path="/Proyectos/PSP1 LOC/Code" start="@1487473999086" delta="1" />
  <time id="15" path="/Proyectos/PSP1 LOC/Compile" start="@1487474062983" delta="7" />
  <time id="16" path="/Proyectos/PSP1 LOC/Test" start="@1487474476162" delta="120" />
  <time id="17" path="/Proyectos/PSP1 LOC/Postmortem" start="@1487481688794" delta="30" />
  <time id="18" path="/Proyectos/PSP1 LOC MAVEN/Planning" start="@1487544554090" delta="89" />
  <time id="19" path="/Proyectos/PSP1 LOC MAVEN/Planning" start="@1487550206765" delta="34" />
  <time id="20" path="/Proyectos/PSP1 LOC_MAVEN/Planning" start="@1487552364285" delta="76" />
  <time id="21" path="/Proyectos/PSP1 LOC_MAVEN/Design" start="@1487556926927" delta="22" />
  <time id="22" path="/Proyectos/PSP1 LOC_MAVEN/Code" start="@1487558260506" delta="7" />
  <time id="23" path="/Proyectos/PSP1 LOC_MAVEN/Test" start="@1487558667704" delta="1" />
  <time id="24" path="/Proyectos/PSP1 LOC_MAVEN/Postmortem" start="@1487558667886" />
  <time id="25" path="/Proyectos/PSP1 LOC/Postmortem" start="@1487626092202" delta="5" />
  <time id="26" path="/Proyectos/PSP1 Conteo Maven/Planning" start="@1487626379096" delta="101" />
  <time id="27" path="/Proyectos/PSP1 Conteo Maven/Design" start="@1487632432807" delta="46" />
  <time id="28" path="/Proyectos/PSP1 Conteo Maven/Code" start="@1487635193558" delta="176" />
  <time id="29" path="/Proyectos/PSP1 Conteo Maven/Compile" start="@1487645725062" delta="12" />
  <time id="30" path="/Proyectos/PSP1 Conteo Maven/Test" start="@1487646474753" delta="70" />
  <time id="31" path="/Proyectos/PSP1 Conteo Maven/Postmortem" start="@1487650687502" delta="25" />
  <time id="32" path="/Proyectos/PSP2 Regresion/Planning" start="@1488338030094" delta="69" />
  <time id="33" path="/Proyectos/PSP2 Calculos Regresion/Planning" start="@1488587956279" delta="106" />
  <time id="34" path="/Proyectos/PSP2 Calculos Regresion/Design" start="@1488594298096" delta="37" />
  <time id="35" path="/Proyectos/PSP2 Calculos Regresion/Design Review" start="@1488596532538" delta="18" />
  <time id="36" path="/Proyectos/PSP2 Calculos Regresion/Code" start="@1488597594693" delta="113" interrupt="9" />
  <time id="37" path="/Proyectos/PSP2 Calculos Regresion/Code" start="@1488764151632" delta="120" />
  <time id="38" path="/Proyectos/PSP2 Calculos Regresion/Code Review" start="@1488771370745" delta="11" />
  <time id="39" path="/Proyectos/PSP2 Calculos Regresion/Compile" start="@1488772040372" delta="4" />
  <time id="40" path="/Proyectos/PSP2 Calculos Regresion/Test" start="@1488772257437" delta="88" />
  <time id="41" path="/Proyectos/PSP2 Calculos Regresion/Postmortem" start="@1488851225470" delta="44" />
  <time id="42" path="/Proyectos/PSP2 Calculos Regresion/Postmortem" start="@1488853889252" />
  <time id="43" path="/Proyectos/PSP2 Calculo Tamaño Relativo/Planning" start="@1489880304558" delta="68" />
  <time id="44" path="/Proyectos/PSP2 Calculo Tamaño Relativo/Design" start="@1489884381636" delta="19" />
  <time id="45" path="/Proyectos/PSP2 Calculo Tamaño Relativo/Design Review" start="@1489885538537" delta="11" />
  <time id="46" path="/Proyectos/PSP2 Calculo Tamaño Relativo/Code" start="@1489886224622" delta="133" />
  <time id="47" path="/Proyectos/PSP2 Calculo Tamaño Relativo/Code Review" start="@1489894233684" delta="11" />
  <time id="48" path="/Proyectos/PSP2 Calculo Tamaño Relativo/Test" start="@1489894904127" delta="11" />
  <time id="49" path="/Proyectos/PSP2 Calculo Tamaño Relativo/Postmortem" start="@1489895577242" delta="16" />
  <time id="50" path="/Proyectos/PSP2.1 Integracion/Planning" start="@1491013553246" delta="84" />
  <time id="51" path="/Proyectos/PSP2.1 Integracion/Design" start="@1491046828851" delta="70" />
  <time id="52" path="/Proyectos/PSP2.1 Integracion/Design Review" start="@1491051020600" delta="24" />
  <time id="53" path="/Proyectos/PSP2.1 Integracion/Code" start="@1491052489964" delta="140" />
  <time id="54" path="/Proyectos/PSP2.1 Integracion/Code Review" start="@1491060911786" delta="27" />
  <time id="55" path="/Proyectos/PSP2.1 Integracion/Compile" start="@1491062502152" delta="3" />
  <time id="56" path="/Proyectos/PSP2.1 Integracion/Test" start="@1491063499779" delta="32" />
  <time id="57" path="/Proyectos/PSP2.1 Integracion/Postmortem" start="@1491065401548" delta="38" />
  <time id="58" path="/Proyectos/PSP2.1 Integracion 2/Planning" start="@1491619477363" delta="41" />
  <time id="59" path="/Proyectos/PSP2.1 Integracion 2/Planning" start="@1491621939700" delta="21" />
  <time id="60" path="/Proyectos/PSP2.1 Integracion 2/Design" start="@1491623179896" delta="23" />
  <time id="61" path="/Proyectos/PSP2.1 Integracion 2/Design Review" start="@1491624583153" delta="18" />
  <time id="62" path="/Proyectos/PSP2.1 Integracion 2/Code" start="@1491625689020" delta="15" />
  <time id="63" path="/Proyectos/PSP2.1 Integracion 2/Code Review" start="@1491626580468" delta="13" />
  <time id="64" path="/Proyectos/PSP2.1 Integracion 2/Compile" start="@1491627386389" delta="6" />
  <time id="65" path="/Proyectos/PSP2.1 Integracion 2/Test" start="@1491627731696" delta="22" />
  <time id="66" path="/Proyectos/PSP2.1 Integracion 2/Postmortem" start="@1491629044306" delta="15" />
  <time id="67" path="/Proyectos/PSP2.1 Integracion 2/Postmortem" start="@1491629974550" delta="9" />
  <time id="68" path="/Proyectos/PSP2.1 Integracion 2/Postmortem" start="@1491630523397" delta="3" />
  <time id="69" path="/Proyectos/PSP2.1 Programa7/Planning" start="@1493428922442" delta="25" />
  <time id="70" path="/Proyectos/PSP2.1 Programa7/Planning" start="@1493431334288" delta="51" />
  <time id="71" path="/Proyectos/PSP2.1 Programa7/Design" start="@1493434415279" delta="4" />
  <time id="72" path="/Proyectos/PSP2.1 Programa7/Design" start="@1493435182251" delta="16" />
  <time id="73" path="/Proyectos/PSP2.1 Programa7/Design" start="@1493459447298" delta="51" />
  <time id="74" path="/Proyectos/PSP2.1 Programa7/Design" start="@1493463716898" delta="14" />
  <time id="75" path="/Proyectos/PSP2.1 Programa7/Design" start="@1493465073908" delta="1" />
  <time id="76" path="/Proyectos/PSP2.1 Programa7/Design Review" start="@1493465082267" delta="26" />
  <time id="77" path="/Proyectos/PSP2.1 Programa7/Code" start="@1493466644922" delta="89" />
  <time id="78" path="/Proyectos/PSP2.1 Programa7/Code Review" start="@1493471974075" delta="26" />
  <time id="79" path="/Proyectos/PSP2.1 Programa7/Compile" start="@1493473563643" delta="5" />
  <time id="80" path="/Proyectos/PSP2.1 Programa7/Test" start="@1493473858819" delta="22" />
  <time id="81" path="/Proyectos/PSP2.1 Programa7/Postmortem" start="@1493475176772" delta="29" />
</timeLogEntries>
